{
  "numeric_features": [
    "order_subtotal",
    "shipping_fee",
    "tax_amount",
    "order_total",
    "promo_used",
    "zip_mismatch",
    "order_hour",
    "order_dow",
    "customer_age",
    "customer_tenure_days",
    "item_count",
    "total_qty",
    "avg_unit_price",
    "max_unit_price"
  ],
  "categorical_features": [
    "payment_method",
    "device_type",
    "ip_country",
    "customer_segment",
    "loyalty_tier",
    "gender"
  ],
  "numeric_medians": [
    330.885,
    8.04,
    23.32,
    364.97,
    0.0,
    0.0,
    12.0,
    3.0,
    25.0,
    58.0,
    3.0,
    4.0,
    89.27625,
    157.18
  ],
  "numeric_means": [
    384.5121225,
    9.7089925,
    27.7424375,
    421.9635525,
    0.25375,
    0.081,
    11.549,
    3.00825,
    31.44545,
    75.43225,
    3.02025,
    4.127,
    92.84439166666667,
    152.747195
  ],
  "numeric_scales": [
    284.6274978483632,
    5.09405272940355,
    21.45138686387418,
    305.7817496585673,
    0.4351562219479346,
    0.27283511504203417,
    6.981590005149257,
    2.0156095697083796,
    14.298911996984247,
    105.85250308772815,
    1.4296293007279892,
    2.218303631156024,
    50.77642697769133,
    79.24008520712212
  ],
  "categorical_modes": [
    "card",
    "mobile",
    "US",
    "standard",
    "silver",
    "Female"
  ],
  "categorical_categories": [
    [
      "bank",
      "card",
      "crypto",
      "paypal"
    ],
    [
      "desktop",
      "mobile",
      "tablet"
    ],
    [
      "BR",
      "CA",
      "GB",
      "IN",
      "NG",
      "US"
    ],
    [
      "budget",
      "premium",
      "standard"
    ],
    [
      "gold",
      "none",
      "silver"
    ],
    [
      "Female",
      "Male",
      "Non-binary"
    ]
  ],
  "threshold": 0.1,
  "calibrated_classifiers": [
    {
      "coef": [
        0.22003183050426398,
        -0.10202925901822191,
        0.06050223605217157,
        0.20735450654110635,
        0.010425574715654789,
        0.21452983228582242,
        0.05801784568407632,
        0.023423169870993753,
        -0.2999591736333212,
        -0.4775627250870957,
        0.20535683435014776,
        0.05707403671116991,
        0.09034584046662057,
        0.10621772395806792,
        -0.0483912964863476,
        -0.02686187018262248,
        0.053668817014325194,
        -0.11184101425851525,
        -0.15068707228965814,
        0.028436456385515906,
        -0.011174748009018805,
        -0.010459841706762655,
        0.02362970628883179,
        -0.05124003870352099,
        0.045259096666007775,
        0.05055224645875832,
        -0.19116653291647723,
        0.051640199005052914,
        -0.17108967322067012,
        -0.01397588969754003,
        -0.2157156843170588,
        0.08500233261164561,
        -0.0027120122077418326,
        -0.12189743598964904,
        0.05096848653471332,
        -0.0624964144582207
      ],
      "intercept": -0.133425363913162,
      "platt_a": -1.0288771114111968,
      "platt_b": 2.732528863788477
    },
    {
      "coef": [
        0.2643199924997894,
        -0.07321890958551436,
        0.12625497085317,
        0.2536714549516627,
        -0.0027410018620571946,
        0.16690115378281545,
        0.032212321686099755,
        0.02870249229894885,
        -0.2547188093995895,
        -0.47256691200641754,
        -0.010908497459144986,
        0.19666958119170339,
        0.05937838735713789,
        0.041278920789000466,
        -0.11225085794028634,
        -0.07081124848088267,
        0.09434264956886484,
        -0.0702317312386577,
        -0.15001080724238394,
        -0.02532317739193344,
        0.01638279654335525,
        -0.010533995784706577,
        -0.0196330170579774,
        -0.021527780549612744,
        -0.04375735834386499,
        0.005937489996238612,
        -0.0694365263510408,
        0.011019492327347858,
        -0.16115487687315946,
        -0.008815803545146304,
        -0.19927843874844156,
        0.060966499530180886,
        -0.020639248872702094,
        -0.05734705432815984,
        -0.015043373755867362,
        -0.08656076000692879
      ],
      "intercept": -0.1589511880909683,
      "platt_a": -0.8606307326406587,
      "platt_b": 2.686335232301714
    },
    {
      "coef": [
        0.2737162893344429,
        -0.016088037515110388,
        0.032764615667934295,
        0.2568108651873708,
        -0.0027784843948818164,
        0.24493913809585727,
        0.014508850767025462,
        0.004244534673591218,
        -0.16087320780718165,
        -0.4616622652328082,
        0.01199017002997963,
        0.18257634376818999,
        0.05343885663056475,
        0.1017817617096115,
        -0.1135268858393434,
        -0.011529690179722047,
        0.012789976426422893,
        -0.04054679296346454,
        -0.1513905289003372,
        -0.022081612571466486,
        0.020658748915700922,
        -0.05454415977985596,
        -0.04598801412578161,
        -0.03573603612570775,
        0.06062971100848016,
        0.05851880324381635,
        -0.1356936967770599,
        0.033853837930722296,
        -0.1722656000083489,
        -0.014401630478480157,
        -0.28902065902567703,
        0.06730508983452899,
        0.06890217663503383,
        -0.12813054268526586,
        0.013019382114709722,
        -0.03770223198554801
      ],
      "intercept": -0.15281339255610676,
      "platt_a": -0.873440691337612,
      "platt_b": 2.630145079299247
    },
    {
      "coef": [
        0.25197413967867993,
        -0.061133906084132786,
        0.13632807552179807,
        0.24308767913556747,
        -0.02397571234158625,
        0.2411849460308682,
        0.028896822106632355,
        -0.11518650149337993,
        -0.1639995079428776,
        -0.4533035756357988,
        0.08681236072016385,
        0.16119008500793489,
        0.06734541111447935,
        0.07410386620526825,
        -0.1033603406275093,
        -0.0015003670315978383,
        0.10559416899356351,
        -0.128255982217349,
        -0.15407717412986938,
        0.04941842987489175,
        -0.022863776627913293,
        -0.011032981419988042,
        -0.002133001602138182,
        -0.029164441495227473,
        0.08635935848640383,
        0.05659458843991906,
        -0.22814604329187002,
        0.03383599517750037,
        -0.09578955476085704,
        -0.06556896129953502,
        -0.1567485173526153,
        0.06105167128209328,
        -0.031825674812374215,
        -0.1171047077478187,
        0.0823713337124679,
        -0.09278914684754606
      ],
      "intercept": -0.12752252088289973,
      "platt_a": -0.7319495446677532,
      "platt_b": 2.5713902528900783
    },
    {
      "coef": [
        0.24369349342262145,
        -0.04125526917591083,
        0.09135038437589288,
        0.23255575348454607,
        0.002509214893723595,
        0.22225729224096985,
        0.023806698530612302,
        -0.06644100351118332,
        -0.27424977274312795,
        -0.3908277545610624,
        0.15107318233020262,
        0.127706092058731,
        0.03447515982245518,
        0.06293530742263194,
        -0.03527448306388353,
        0.031263237509299165,
        0.055813526463221366,
        -0.19686542984584152,
        -0.12548572858064663,
        -0.0177122477911195,
        -0.0018651725654320816,
        -0.014050250401638266,
        0.00022215558629827455,
        -0.06776103171143322,
        0.08312828373358766,
        0.011922569991201334,
        -0.15852487613520908,
        0.06099837719591688,
        -0.2300570594740049,
        0.023995533340883807,
        -0.1948815029089797,
        0.08834699289406618,
        -0.03852863892228909,
        -0.11110127172168509,
        -0.02038991048417343,
        -0.0135719667313507
      ],
      "intercept": -0.14506314893718905,
      "platt_a": -0.943711806032297,
      "platt_b": 2.6898047491726227
    }
  ]
}